{
  "MovieLens": {
    "error": "Index(['user_id'], dtype='object')"
  },
  "GoodBooks": {
    "User-Based CF": {
      "rating_prediction": {
        "RMSE": 0.9961316901841643,
        "MAE": 0.7876851306817709
      },
      "ranking": {
        "k=5": {
          "Precision@K": 0.002247191011235955,
          "Recall@K": 0.0018094940847749835,
          "F1@K": 0.002004729845158289,
          "NDCG@K": 0.0021608082108052606,
          "Hit_Rate@K": 0.011235955056179775
        },
        "k=10": {
          "Precision@K": 0.0016853932584269661,
          "Recall@K": 0.002995511562927293,
          "F1@K": 0.0021571107238352438,
          "NDCG@K": 0.002384854744590517,
          "Hit_Rate@K": 0.016853932584269662
        },
        "k=20": {
          "Precision@K": 0.002247191011235955,
          "Recall@K": 0.008298013337669649,
          "F1@K": 0.0035366258190079615,
          "NDCG@K": 0.004529844285006407,
          "Hit_Rate@K": 0.04307116104868914
        }
      },
      "model_info": {
        "method": "user",
        "similarity_metric": "cosine",
        "n_users": 585,
        "n_items": 1370,
        "sparsity": 0.9750015596730925
      }
    },
    "SVD": {
      "rating_prediction": {
        "RMSE": 0.9967024385737396,
        "MAE": 0.806391009240405
      },
      "ranking": {
        "k=5": {
          "Precision@K": 0.0599250936329588,
          "Recall@K": 0.0571750670252253,
          "F1@K": 0.05851778897141698,
          "NDCG@K": 0.07916249227166831,
          "Hit_Rate@K": 0.24157303370786518
        },
        "k=10": {
          "Precision@K": 0.0447565543071161,
          "Recall@K": 0.07931380202551977,
          "F1@K": 0.05722257262068129,
          "NDCG@K": 0.08163557289872071,
          "Hit_Rate@K": 0.3352059925093633
        },
        "k=20": {
          "Precision@K": 0.03286516853932584,
          "Recall@K": 0.11740553361526854,
          "F1@K": 0.0513546898283035,
          "NDCG@K": 0.09505695476109154,
          "Hit_Rate@K": 0.4606741573033708
        }
      },
      "model_info": {
        "method": "svd",
        "n_factors": 50,
        "n_users": 585,
        "n_items": 1370,
        "sparsity": 0.9750015596730925,
        "global_mean": 3.77743948090841,
        "explained_variance_ratio": 0.406550623932118
      }
    },
    "Neural CF": {
      "rating_prediction": {
        "RMSE": 1.039318379263133,
        "MAE": 0.807345039189088
      },
      "ranking": {
        "k=5": {
          "Precision@K": 0.013108614232209739,
          "Recall@K": 0.012054606552293269,
          "F1@K": 0.012559535869303171,
          "NDCG@K": 0.0139732569145299,
          "Hit_Rate@K": 0.06179775280898876
        },
        "k=10": {
          "Precision@K": 0.011048689138576779,
          "Recall@K": 0.020321131760586312,
          "F1@K": 0.014314513843639291,
          "NDCG@K": 0.016254997905576683,
          "Hit_Rate@K": 0.09737827715355805
        },
        "k=20": {
          "Precision@K": 0.008426966292134831,
          "Recall@K": 0.029273431593021464,
          "F1@K": 0.01308666407399557,
          "NDCG@K": 0.0195012729043764,
          "Hit_Rate@K": 0.1348314606741573
        }
      },
      "model_info": {
        "n_factors": 50,
        "hidden_layers": [
          128,
          64,
          32
        ],
        "dropout_rate": 0.2,
        "learning_rate": 0.001,
        "n_users": 585,
        "n_items": 1370,
        "global_mean": 3.7829333333333333,
        "total_params": 121047
      }
    }
  },
  "Amazon": {
    "Item-Based CF": {
      "rating_prediction": {
        "RMSE": 1.4613963155447742,
        "MAE": 1.177515271915256
      },
      "ranking": {
        "k=5": {
          "Precision@K": 0.0,
          "Recall@K": 0.0,
          "F1@K": 0.0,
          "NDCG@K": 0.0,
          "Hit_Rate@K": 0.0
        },
        "k=10": {
          "Precision@K": 0.0,
          "Recall@K": 0.0,
          "F1@K": 0.0,
          "NDCG@K": 0.0,
          "Hit_Rate@K": 0.0
        },
        "k=20": {
          "Precision@K": 0.0003414634146341464,
          "Recall@K": 0.005853658536585366,
          "F1@K": 0.0006452851930094104,
          "NDCG@K": 0.0015068514186775195,
          "Hit_Rate@K": 0.006829268292682927
        }
      },
      "model_info": {
        "method": "item",
        "similarity_metric": "cosine",
        "n_users": 1881,
        "n_items": 1948,
        "sparsity": 0.9975181404447588
      }
    },
    "NMF": {
      "rating_prediction": {
        "RMSE": 2.9068656786784333,
        "MAE": 2.613456464379947
      },
      "ranking": {
        "k=5": {
          "Precision@K": 0.000975609756097561,
          "Recall@K": 0.0034146341463414634,
          "F1@K": 0.0015176151761517613,
          "NDCG@K": 0.0018100518071703501,
          "Hit_Rate@K": 0.004878048780487805
        },
        "k=10": {
          "Precision@K": 0.0006829268292682927,
          "Recall@K": 0.004715447154471545,
          "F1@K": 0.00119306494269762,
          "NDCG@K": 0.0022244096605853114,
          "Hit_Rate@K": 0.006829268292682927
        },
        "k=20": {
          "Precision@K": 0.0007804878048780488,
          "Recall@K": 0.01105691056910569,
          "F1@K": 0.0014580541409809702,
          "NDCG@K": 0.004023308294548093,
          "Hit_Rate@K": 0.015609756097560976
        }
      },
      "model_info": {
        "method": "nmf",
        "n_factors": 50,
        "n_users": 1881,
        "n_items": 1948,
        "sparsity": 0.9975181404447588,
        "global_mean": 3.6132614910930285,
        "reconstruction_error": 336.9936543071156
      }
    },
    "Neural CF": {
      "rating_prediction": {
        "RMSE": 1.540651380677064,
        "MAE": 1.2329739723272668
      },
      "ranking": {
        "k=5": {
          "Precision@K": 0.0005853658536585367,
          "Recall@K": 0.0024390243902439024,
          "F1@K": 0.000944138473642801,
          "NDCG@K": 0.0012426396238722763,
          "Hit_Rate@K": 0.002926829268292683
        },
        "k=10": {
          "Precision@K": 0.0007804878048780488,
          "Recall@K": 0.006829268292682927,
          "F1@K": 0.0014008755472170108,
          "NDCG@K": 0.0026797730346434915,
          "Hit_Rate@K": 0.007804878048780488
        },
        "k=20": {
          "Precision@K": 0.0006829268292682927,
          "Recall@K": 0.01089430894308943,
          "F1@K": 0.0012852836393532476,
          "NDCG@K": 0.0037836605934434848,
          "Hit_Rate@K": 0.012682926829268294
        }
      },
      "model_info": {
        "n_factors": 50,
        "hidden_layers": [
          128,
          64,
          32
        ],
        "dropout_rate": 0.2,
        "learning_rate": 0.001,
        "n_users": 1881,
        "n_items": 1948,
        "global_mean": 3.6132614910930285,
        "total_params": 214747
      }
    }
  }
}